accuracy,f1_score,precision,recall,model
0.4957448234269249,0.4870134296816416,0.4917400881057269,0.4823767724510466,LSTM
