accuracy,f1_score,precision,recall,model
0.5042213883677298,0.37386815604637386,0.5019313792319927,0.2978694714131607,LSTM
