accuracy,f1_score,precision,recall,model
0.5015411417850443,0.2122206925765117,0.5027596588058204,0.134496644295302,LSTM
