accuracy,f1_score,precision,recall,model
0.499966503651102,0.48785508439687114,0.48845836768342954,0.48725328947368424,LSTM
