accuracy,f1_score,precision,recall,model
0.5028142589118199,0.5947126939043041,0.5075517434271862,0.7180163545238724,LSTM
