accuracy,f1_score,precision,recall,model
0.5015413483447259,0.37327266599258513,0.49134871339840286,0.30095108695652173,LSTM
