accuracy,f1_score,precision,recall,model
0.503484787561989,0.4244542841606463,0.5003663003663004,0.3685417509780116,LSTM
